{"current_volume": 1.0125781297683716, "last_voice_time": 1765294134.031135, "is_spectator": false}