{"current_volume": 1.1589988470077515, "last_voice_time": 1765294112.3535879, "is_spectator": false}