{"current_volume": 0.9150314331054688, "last_voice_time": 1765294117.220175, "is_spectator": false}